Data Source in SDW: https://data.europa.eu/,,,,,,,,,,,,,,,,,,,,,,,,,,,
Period\Unit:,"Austria, Financial transactions (flows), MFIs excluding ESCB reporting sector - Deposit liabilities, Total maturity, All currencies combined - Euro area (changing composition) counterpart, Non-Financial corporations (S.11) sector, denominated in Euro, data Neither seasonally nor working day adjusted","Belgium, Financial transactions (flows), MFIs excluding ESCB reporting sector - Deposit liabilities, Total maturity, All currencies combined - Euro area (changing composition) counterpart, Non-Financial corporations (S.11) sector, denominated in Euro, data Neither seasonally nor working day adjusted","Bulgaria, Financial transactions (flows), MFIs excluding ESCB reporting sector - Deposit liabilities, Total maturity, All currencies combined - Euro area (changing composition) counterpart, Non-Financial corporations (S.11) sector, denominated in Euro, data Neither seasonally nor working day adjusted","Cyprus, Financial transactions (flows), MFIs excluding ESCB reporting sector - Deposit liabilities, Total maturity, All currencies combined - Euro area (changing composition) counterpart, Non-Financial corporations (S.11) sector, denominated in Euro, data Neither seasonally nor working day adjusted","Czech Republic, Financial transactions (flows), MFIs excluding ESCB reporting sector - Deposit liabilities, Total maturity, All currencies combined - Euro area (changing composition) counterpart, Non-Financial corporations (S.11) sector, denominated in Euro, data Neither seasonally nor working day adjusted","Germany, Financial transactions (flows), MFIs excluding ESCB reporting sector - Deposit liabilities, Total maturity, All currencies combined - Euro area (changing composition) counterpart, Non-Financial corporations (S.11) sector, denominated in Euro, data Neither seasonally nor working day adjusted","Estonia, Financial transactions (flows), MFIs excluding ESCB reporting sector - Deposit liabilities, Total maturity, All currencies combined - Euro area (changing composition) counterpart, Non-Financial corporations (S.11) sector, denominated in Euro, data Neither seasonally nor working day adjusted","Spain, Financial transactions (flows), MFIs excluding ESCB reporting sector - Deposit liabilities, Total maturity, All currencies combined - Euro area (changing composition) counterpart, Non-Financial corporations (S.11) sector, denominated in Euro, data Neither seasonally nor working day adjusted","Finland, Financial transactions (flows), MFIs excluding ESCB reporting sector - Deposit liabilities, Total maturity, All currencies combined - Euro area (changing composition) counterpart, Non-Financial corporations (S.11) sector, denominated in Euro, data Neither seasonally nor working day adjusted","France, Financial transactions (flows), MFIs excluding ESCB reporting sector - Deposit liabilities, Total maturity, All currencies combined - Euro area (changing composition) counterpart, Non-Financial corporations (S.11) sector, denominated in Euro, data Neither seasonally nor working day adjusted","Greece, Financial transactions (flows), MFIs excluding ESCB reporting sector - Deposit liabilities, Total maturity, All currencies combined - Euro area (changing composition) counterpart, Non-Financial corporations (S.11) sector, denominated in Euro, data Neither seasonally nor working day adjusted","Croatia, Financial transactions (flows), MFIs excluding ESCB reporting sector - Deposit liabilities, Total maturity, All currencies combined - Euro area (changing composition) counterpart, Non-Financial corporations (S.11) sector, denominated in Euro, data Neither seasonally nor working day adjusted","Hungary, Financial transactions (flows), MFIs excluding ESCB reporting sector - Deposit liabilities, Total maturity, All currencies combined - Euro area (changing composition) counterpart, Non-Financial corporations (S.11) sector, denominated in Euro, data Neither seasonally nor working day adjusted","Ireland, Financial transactions (flows), MFIs excluding ESCB reporting sector - Deposit liabilities, Total maturity, All currencies combined - Euro area (changing composition) counterpart, Non-Financial corporations (S.11) sector, denominated in Euro, data Neither seasonally nor working day adjusted","Italy, Financial transactions (flows), MFIs excluding ESCB reporting sector - Deposit liabilities, Total maturity, All currencies combined - Euro area (changing composition) counterpart, Non-Financial corporations (S.11) sector, denominated in Euro, data Neither seasonally nor working day adjusted","Lithuania, Financial transactions (flows), MFIs excluding ESCB reporting sector - Deposit liabilities, Total maturity, All currencies combined - Euro area (changing composition) counterpart, Non-Financial corporations (S.11) sector, denominated in Euro, data Neither seasonally nor working day adjusted","Luxembourg, Financial transactions (flows), MFIs excluding ESCB reporting sector - Deposit liabilities, Total maturity, All currencies combined - Euro area (changing composition) counterpart, Non-Financial corporations (S.11) sector, denominated in Euro, data Neither seasonally nor working day adjusted","Latvia, Financial transactions (flows), MFIs excluding ESCB reporting sector - Deposit liabilities, Total maturity, All currencies combined - Euro area (changing composition) counterpart, Non-Financial corporations (S.11) sector, denominated in Euro, data Neither seasonally nor working day adjusted","Malta, Financial transactions (flows), MFIs excluding ESCB reporting sector - Deposit liabilities, Total maturity, All currencies combined - Euro area (changing composition) counterpart, Non-Financial corporations (S.11) sector, denominated in Euro, data Neither seasonally nor working day adjusted","Netherlands, Financial transactions (flows), MFIs excluding ESCB reporting sector - Deposit liabilities, Total maturity, All currencies combined - Euro area (changing composition) counterpart, Non-Financial corporations (S.11) sector, denominated in Euro, data Neither seasonally nor working day adjusted","Poland, Financial transactions (flows), MFIs excluding ESCB reporting sector - Deposit liabilities, Total maturity, All currencies combined - Euro area (changing composition) counterpart, Non-Financial corporations (S.11) sector, denominated in Euro, data Neither seasonally nor working day adjusted","Portugal, Financial transactions (flows), MFIs excluding ESCB reporting sector - Deposit liabilities, Total maturity, All currencies combined - Euro area (changing composition) counterpart, Non-Financial corporations (S.11) sector, denominated in Euro, data Neither seasonally nor working day adjusted","Romania, Financial transactions (flows), MFIs excluding ESCB reporting sector - Deposit liabilities, Total maturity, All currencies combined - Euro area (changing composition) counterpart, Non-Financial corporations (S.11) sector, denominated in Euro, data Neither seasonally nor working day adjusted","Sweden, Financial transactions (flows), MFIs excluding ESCB reporting sector - Deposit liabilities, Total maturity, All currencies combined - Euro area (changing composition) counterpart, Non-Financial corporations (S.11) sector, denominated in Euro, data Neither seasonally nor working day adjusted","Slovenia, Financial transactions (flows), MFIs excluding ESCB reporting sector - Deposit liabilities, Total maturity, All currencies combined - Euro area (changing composition) counterpart, Non-Financial corporations (S.11) sector, denominated in Euro, data Neither seasonally nor working day adjusted","Slovakia, Financial transactions (flows), MFIs excluding ESCB reporting sector - Deposit liabilities, Total maturity, All currencies combined - Euro area (changing composition) counterpart, Non-Financial corporations (S.11) sector, denominated in Euro, data Neither seasonally nor working day adjusted","Euro area (changing composition), Financial transactions (flows), MFIs excluding ESCB reporting sector - Deposit liabilities, Total maturity, All currencies combined - Euro area (changing composition) counterpart, Non-Financial corporations (S.11) sector, denominated in Euro, data Neither seasonally nor working day adjusted"
2022Aug,2268,3428,-60,61,-184,39108,156,7810,18,5177,-320,-1,59,3079,-13491,497.64,2236,152,-24,17579,186,1458,140,-473,325,836,70353
2022Jul,1008,-1728,9,170,-553,12060,42,-5336,-92,7881,-337,-1,34,575,20836,161.82,-749,3,-5,-648,73,-495,60,1108,107,1006,34461
2022Jun,-2942,1164,58,193,272,-7659,61,9644,2978,5910,2369,13,-266,-1204,-2748,-138.13,2060,9,-11,5175,2,19,27,-327,-68,-197,14617
2022May,-2435,1405,23,-5,123,-3596,25,7969,-536,-3088,1564,2,10,-1391,-3229,-45.19,-1720,189,174,6695,-121,-684,-33,-801,-133,265,1424
2022Apr,292,384,38,-32,-158,-150,141,-13168,-2211,-7221,-207,-2,51,1422,16567,-101.8,1369,-46,-81,-4315,-96,868,-41,-1365,-124,-157,-6771
2022Mar,2997,1421,-8,-231,261,9274,-59,8798,359,17143,-614,-5,-298,-1142,6249,180.48,1475,163,140,7244,82,2604,74,1139,208,249,56458
2022Feb,-1662,1036,35,162,-296,-1525,-210,1613,631,2052,-226,-13,16,-735,-249,-372.88,3243,21,-113,3893,365,566,-71,743,82,-153,8054
2022Jan,-1648,-4358,-4,-190,441,10652,-24,-18723,-1174,-17601,-2283,0,539,114,-33741,-127.07,-1431,-61,-150,-11952,-158,-1353,-10,-766,-471,-595,-85118
2021Dec,4600,2025,5,-170,-189,-16378,289,16131,1671,6591,2121,-7,-193,1680,24780,147.15,2583,221,307,2620,230,1703,-8,1180,509,686,52117
2021Nov,-2546,3097,-11,285,-21,2657,169,11473,-1370,9132,2179,5,-15,1068,-17104,-45.92,1077,108,71,16525,46,755,-10,28,106,377,28013
2021Oct,1443,48,-29,136,-579,15845,554,-9680,-437,5848,-418,3,207,2761,19612,84.12,268,-16,-10,3390,-54,282,50,451,-90,371,39993
2021Sep,1171,915,-25,61,723,2473,50,6846,4443,4105,224,15,-151,-164,166,-145.51,-8,-44,112,8144,67,-304,-109,26,62,-346,27762
2021Aug,-365,1861,16,306,18,7507,275,3929,-1451,2431,1025,-11,-65,980,-9881,92.69,1295,8,-106,5583,-116,1807,63,-211,176,525,15999
2021Jul,-293,-1772,30,59,282,11492,89,-5102,-460,3282,614,5,216,1144,18628,-33.17,-1037,-51,222,1718,190,228,51,500,86,281,29094
2021Jun,-1592,1309,-2,336,-9,2404,-50,2893,1867,20324,890,-8,-373,1040,3262,219.26,76,143,-5,-1056,-256,338,25,300,-186,-467,31743
2021May,-452,1455,-5,79,-15,4635,45,13673,889,-9233,1555,-5,18,-1364,6410,-191.22,729,55,-231,8057,145,328,-26,-890,30,120,26586
2021Apr,-1380,-267,-6,83,-9,-10344,-230,-7820,-1293,-6362,-515,1,356,966,4243,-22.88,1014,-177,143,-3500,48,1884,42,-125,-238,-235,-24051
2021Mar,5126,522,-1,-75,-324,33713,228,6602,1753,15671,2154,3,-146,2975,-3434,146.8,-1664,228,-14,8560,117,1401,54,-438,619,-12,74500
2021Feb,264,413,-29,93,-336,-6411,81,-2083,115,2168,122,4,-18,-1372,2306,-188.84,1210,-18,25,1001,47,1731,-60,181,98,-183,-628
2021Jan,-1282,-1847,24,-266,513,-5465,-134,-10342,-618,-10893,-1682,1,230,-806,-6793,53.92,1658,-106,-11,-8411,81,-1286,-37,793,-207,-608,-49045
2020Dec,563,-908,36,-111,-136,-2340,684,3178,-916,16604,1926,6,-178,639,14134,402.21,-190,304,168,-3500,75,941,79,-28,255,897,32730
2020Nov,318,1228,-16,-9,-215,-1392,140,4402,833,-1120,877,7,144,1973,-12692,178.93,274,136,-27,5651,71,-66,-25,-634,86,-264,529
2020Oct,1982,1835,-6,95,467,15928,139,-6910,-442,-4079,201,0,136,2017,21132,747.38,1218,115,37,-1057,-75,718,39,82,30,113,33821
2020Sep,-1015,-105,23,95,26,7887,27,4700,2244,-619,1074,-21,-253,975,6300,23.75,-1774,79,-18,-317,-167,680,28,3,164,451,20855
2020Aug,1357,1676,-10,234,30,2058,68,3231,-1481,10157,352,-3,50,273,10311,381.17,49,100,40,3175,-16,992,10,66,69,224,33267
2020Jul,3798,-812,-3,-9,10,21195,220,-5474,753,7254,2311,8,187,1375,15071,279.12,678,150,-71,7202,10,-327,44,649,93,-238,53447
2020Jun,-552,-1220,35,232,-110,5976,103,6514,1937,17822,435,-3,-174,2028,1691,193.97,-432,-114,104,-2982,-21,1903,-115,-845,-30,564,34171
2020May,1538,1669,-8,32,204,14048,197,13406,1745,51059,1533,5,67,2268,24883,258.06,1917,-98,8,10367,217,1730,-8,238,268,355,127183
2020Apr,3660,4113,23,-133,45,15973,96,14947,1119,45304,-111,2,96,932,4331,116.27,411,2,80,1292,209,577,58,560,5,365,93079
2020Mar,3787,7318,-11,-109,165,24317,153,11022,3185,52796,1836,-4,-386,3416,2329,88.29,2115,126,7,8300,109,1986,123,1481,441,-367,122748
2020Feb,-450,-154,10,-89,88,-7642,-22,6942,-404,8697,625,7,-27,-893,13302,-19.21,422,-37,-70,1582,154,-934,17,-494,62,155,21072
2020Jan,82,555,7,-98,-121,-9956,-24,-14206,-327,-17341,-1662,3,204,-1980,-12639,35.52,-485,-110,15,-7248,-122,-32,-67,-942,-169,-541,-66132
2019Dec,2284,-3308,-6,-194,-416,3269,113,-2188,1305,7016,2481,14,99,3112,-11166,267.98,-891,240,-54,4251,103,1258,-8,761,-46,223,7971
2019Nov,-77,2104,0,-120,-555,-2134,129,11021,-45,11870,-237,-1,-494,-1492,12227,123.72,569,-101,17,2012,240,-199,33,250,-26,84,35726
2019Oct,1732,363,-3,96,635,11061,111,-9933,1289,6573,-267,16,357,1795,7284,221.14,-351,181,-49,2299,-30,-16,-28,8,-21,267,22634
2019Sep,-342,919,10,-40,-91,2894,-165,5078,-557,-12624,-919,-11,-107,674,-9500,-4.98,-491,-181,89,301,121,-118,14,-160,51,99,-14836
2019Aug,299,116,15,11,-84,6165,-46,4198,804,19711,253,10,103,10,15492,84.95,-3773,54,-48,5671,48,1492,40,-179,50,488,51032
2019Jul,-256,1043,-12,61,-140,11409,340,-9772,542,8007,395,8,96,1621,-8447,171.63,1896,199,29,2419,-55,607,-6,632,249,-11,10503
2019Jun,-1829,-1557,12,43,-102,-13662,-99,5616,-537,10443,880,1,-19,442,14656,-163.72,2302,100,-33,-7621,16,290,-21,-2279,-64,-256,8951
2019May,-371,1091,-14,481,84,7487,45,5397,1171,112,167,-4,-17,1304,3075,62.15,-417,-207,-65,7155,-61,-676,24,-356,-47,568,26334
2019Apr,152,-43,-1,211,471,4630,10,-11525,-1751,4717,544,-1,40,2590,-3795,60.8,446,-22,-21,-946,73,1312,-6,464,31,-10,-3410
2019Mar,1450,3993,13,-29,282,3211,18,15592,1686,9612,1063,0,67,354,17862,40.04,511,98,-8,4726,126,999,-71,392,98,-112,61163
2019Feb,342,-612,5,52,55,-2860,13,2928,-358,3328,-1060,2,29,-298,1570,-56.98,1330,-57,141,-1752,-2,-209,-26,966,-37,161,2564
2019Jan,-25,1176,-24,-97,-191,-3208,-6,-8900,-405,-15499,-1310,-7,-64,323,-19324,-101.74,-3409,-124,9,-7137,-196,-69,35,274,-288,-712,-59106
2018Dec,2277,-2410,-6,-157,-414,-1206,40,6400,2089,13565,1232,-6,-122,-680,7379,102.07,1069,555,-166,1892,37,249,107,-687,177,316,32723
2018Nov,-141,1679,-4,26,99,3652,188,2347,2086,12875,-220,11,-34,588,-3947,130.03,1217,10,48,7221,-89,71,-36,-1022,79,226,28133
2018Oct,359,1043,12,199,629,13944,48,-8952,175,5847,-659,1,69,598,-17020,313.03,-357,45,-2,661,1,-223,50,-43,97,37,-3847
2018Sep,-299,957,-6,-47,-600,-4209,-229,10714,403,-625,228,-13,-75,-822,18299,-82.94,1980,-107,8,1439,47,21,6,421,-65,-212,27352
2018Aug,2315,822,15,114,54,6363,175,3248,-286,-2440,463,6,283,60,6725,28.23,-383,-29,-93,1158,71,1173,7,1449,26,229,19669
2018Jul,286,924,0,176,318,5347,-255,-14740,-704,7023,-138,-4,2,1185,-18502,324.86,-326,30,172,825,-186,-696,-3,40,44,268,-18756
2018Jun,235,-156,-12,-63,-118,-15700,-2,13126,771,5467,962,3,-85,-204,12862,-30.56,605,55,-83,-5787,56,-95,-27,-1031,2,-474,11490
2018May,-2398,-671,-2,284,-28,7620,550,7448,173,4325,758,1,-1,1146,4889,25.79,-490,-295,-3,4356,-86,106,-11,970,90,125,28038
2018Apr,897,1167,-7,42,-189,7690,-22,-9153,-1648,3667,164,-8,51,365,-6420,133.33,360,124,59,-6985,-189,1338,-13,-506,18,40,-8163
2018Mar,1757,14,-3,-20,-71,-3683,140,12365,1075,1420,679,-14,-5,-747,14783,-148.88,-537,-110,-256,7275,-18,760,5,-1421,78,505,35350
2018Feb,-1422,494,23,23,374,-12278,-20,-4044,-835,-4652,-577,-14,27,270,-3363,-178.12,-2176,-166,-45,-2105,-236,29,-39,1372,-92,132,-31006
2018Jan,1400,1636,3,-106,-35,5564,-79,-9195,-2362,-13170,-819,-3,-33,371,-11400,-73.21,-679,73,26,426,-117,1,25,848,-55,-171,-28611
2017Dec,1745,-4447,-2,-173,-83,-3793,114,7605,2432,23055,497,33,74,-248,14371,226.37,608,88,-50,-7198,232,631,84,-1708,38,17,35519
2017Nov,-433,1799,3,145,-180,9474,98,6500,1704,12979,147,-2,41,-1309,-2991,31.73,2074,53,-15,625,228,477,0,153,204,438,32002
2017Oct,1918,2379,22,267,-79,10486,136,-8920,521,-2432,-104,23,1,2836,-1741,10.31,189,250,71,-2743,62,582,4,370,193,7,3905
2017Sep,-59,417,-7,-22,35,5347,-27,6911,1243,3918,457,3,-13,-1192,11395,-1.33,-1302,-261,-28,485,102,-31,-63,-1034,5,-134,27121
2017Aug,1395,386,-9,201,-32,8638,25,3711,-850,478,629,-4,1,2006,6300,30.94,1328,148,10,2324,-433,360,-3,30,139,519,27777
2017Jul,-287,-59,-1,150,166,-12554,-23,-7142,-605,6464,-7,2,-3,734,1145,316.86,-1176,-25,-16,6598,351,1007,-22,694,49,101,-5328
2017Jun,-1253,859,-4,0,-265,12079,150,3832,-173,9279,968,1,-57,-59,-3503,-194.23,399,-146,226,-3880,-48,-164,10,303,42,-42,18422
2017May,-386,927,1,258,40,5875,132,8465,-530,2860,697,3,-16,682,778,-0.03,704,-62,68,-6169,56,-278,26,1298,-2,318,14336
2017Apr,50,1035,29,137,-101,290,-39,-8074,311,-2402,-938,-2,-1,1163,10978,-57.28,-2534,1,132,-3276,-86,596,28,-1669,-153,179,-2604
2017Mar,2213,2796,-13,45,210,1168,113,13718,896,11322,1325,-7,20,-879,10344,110.3,771,102,52,2659,55,1378,15,513,271,-4,48400
2017Feb,-731,-829,8,129,427,-1958,-50,-261,-1274,3224,-539,7,-1,1264,1296,-116.18,1771,73,-49,2228,151,564,-2,1238,11,44,4796
2017Jan,256,216,-6,21,135,2330,-134,-2792,-300,-12384,-771,-3,-92,-759,-18221,-13.52,157,-127,5,2272,-96,5,-24,-341,-150,-444,-30835
2016Dec,1166,-3596,1,-211,-209,-809,235,9302,941,14266,929,2,71,1336,14131,374.77,-1192,67,157,-2600,-27,-890,-15,-2283,87,172,33865
2016Nov,208,150,5,199,91,4292,49,3221,905,10821,581,0,16,-169,-4030,73.21,-199,96,-131,10216,64,-402,-43,1500,76,-11,25944
2016Oct,110,613,-2,118,67,5093,137,-6179,-894,-6601,-28,-12,16,-747,5535,108.84,287,83,-24,64,115,502,1,-482,188,-84,-1720
2016Sep,1178,-704,-2,24,102,5846,20,6278,-390,6699,48,0,-39,-2304,1593,176.12,2859,38,74,1631,-30,441,-41,-1194,-35,-30,23440
2016Aug,512,576,5,258,96,8999,78,3272,-1050,-982,972,8,29,1274,-6579,122.48,-1942,-27,104,554,-11,1373,-4,378,-47,89,7556
2016Jul,432,1708,2,179,-92,4675,-118,-5304,346,-515,-575,-6,46,454,12194,156.74,-179,-145,63,-2921,-21,766,121,104,156,291,11665
2016Jun,-1221,-798,-1,165,8,-5926,116,5539,-536,7297,778,-5,37,-1743,-4246,-88.27,890,165,84,-279,42,400,-75,-285,9,-622,-15
2016May,-1129,191,-8,321,-22,1099,244,2564,121,-1882,967,11,-53,1853,-7637,-287.53,-184,-92,-73,3531,119,-692,2,-255,-39,576,-547
2016Apr,1880,294,21,116,-61,8367,-118,503,-2282,933,-744,-1,-59,40,17098,-8.99,1044,141,-24,-1638,48,220,-83,40,33,110,25961
2016Mar,2639,2297,0,-67,-51,3874,14,2601,740,14632,417,-12,35,387,4810,140.19,558,17,-13,1211,-179,1491,17,-309,168,37,35955
2016Feb,465,1146,115,314,37,113,67,-1512,-689,473,-150,15,-19,1084,-8769,-28.17,1503,166,125,6244,28,370,-7,1303,61,70,1052
2016Jan,-382,257,-10,-18,-20,-5028,-198,-3211,-311,-10728,-1314,-13,-93,-165,-10489,-81.29,-788,-137,-140,5127,-60,-1069,4,1131,-193,-669,-29537
2015Dec,1138,-4082,9,-23,69,667,236,4276,2745,17804,1664,-1,48,121,12566,7.79,-3586,201,95,-7882,175,-660,124,-1615,249,865,26401
2015Nov,-1344,2662,1,149,119,7066,47,798,-1356,-1529,168,-4,31,-1531,-12563,201.39,3177,-15,-45,4094,173,-67,-15,180,97,-99,-89
2015Oct,712,1077,41,286,-180,15526,57,-3707,577,11875,-12,0,-10,1861,13665,164.19,-22,-56,-6,-1404,41,388,51,874,-25,209,41167
2015Sep,635,974,11,230,-115,1168,98,3916,1527,9663,777,-9,35,-967,3230,-9.9,651,152,-169,-11164,-69,655,28,-297,-8,-191,11168
2015Aug,237,278,6,119,152,3214,105,2619,-789,-1697,1213,1,217,1310,3341,127.76,841,-12,41,2228,40,282,-65,47,96,-70,13481
2015Jul,1950,1677,13,137,-314,9873,-105,-4342,-535,-1882,-209,4,14,1223,2522,112.27,-588,-15,30,10162,21,-12,6,610,-66,354,20285
2015Jun,-2314,1173,25,4,183,-1767,148,2672,4199,12453,-398,-1,24,-684,-8100,-138.61,-1798,-2,126,-6271,-45,819,5,303,242,-204,160
2015May,-135,-910,3,176,264,-2672,61,4233,604,1463,-448,-9,-33,-62,11485,-80.38,-46,-73,274,1802,203,-1086,-17,-642,84,464,15134
2015Apr,-297,-584,-5,6,-168,5552,39,-6274,-3022,-1388,-1077,21,54,1250,1677,86.17,-2422,71,143,3743,-55,437,-4,-438,-49,-366,-2476
2015Mar,1587,5033,6,-14,-298,-1028,101,3074,1948,11217,251,17,-36,-689,2173,-22.33,-3624,-1,17,-8610,33,402,-46,-622,186,431,12432
2015Feb,-1517,-1317,-8,-60,528,2006,83,3476,242,2662,-1932,-5,13,-1140,1448,42.12,-1876,145,-43,1734,-30,-178,27,872,-18,535,4294
2015Jan,2177,705,6,-153,-98,-8330,-188,-11620,-1619,-16316,-3419,-1,-50,1063,-5177,-243.25,1376,-172,-21,-14440,-103,-822,3,989,-175,-585,-57960
2014Dec,1715,-3449,4,-154,126,-1220,208,-2144,970,27488,-1256,-5,45,1229,-8289,320.71,-4214,135,175,852,-24,983,30,-969,13,549,13591
2014Nov,-835,725,-8,-86,-110,-2607,-136,7277,823,7043,-438,-38,30,-227,13499,89.65,1376,92,7,930,49,572,56,100,-46,66,28033
2014Oct,829,-939,-95,43,47,10121,154,-8927,270,1041,-121,5,-70,2337,5129,70.48,169,-47,3,-2646,-19,-110,-49,571,28,306,7640
2014Sep,958,1858,88,-61,30,7786,-54,-550,-135,-1515,532,0,157,-652,-3414,16.4,-429,41,-25,3087,84,924,-116,-763,-9,-520,7821
2014Aug,220,347,11,16,214,7415,85,3234,430,5106,-35,1,-14,-67,7491,137.31,20,74,222,1755,-60,541,117,-333,48,-74,26828
2014Jul,80,-519,-9,-23,-19,6719,25,-8115,301,-3947,-51,-1,-18,61,4547,102.46,728,-8,38,-1126,-43,650,-18,1328,-5,-221,-868
2014Jun,-855,2931,4,112,-55,-8363,-26,2338,1398,10664,406,1,25,1743,-13558,-150.66,-92,-24,-255,2563,-261,-57,21,90,220,32,-824
2014May,-1543,-2162,6,168,-19,5328,88,7801,313,-1451,838,1,-6,1123,9446,-74.92,-86,-88,8,-1011,81,-2181,-19,-3530,69,-62,16597
2014Apr,1054,2416,-8,-32,109,2201,-41,-6848,-2434,1063,313,-1,-3,788,5629,134.59,806,-106,-70,-6419,49,3181,85,2277,-10,-16,1474
2014Mar,898,2131,2,82,-554,-3070,-120,11335,1804,2611,779,4,-326,-1209,3111,47.79,399,120,74,415,59,436,10,221,247,188,20231
2014Feb,-1663,-1163,10,-117,486,286,132,-7586,384,5061,-391,0,-96,1006,3796,-60.45,557,-184,-13,5132,40,-683,-96,-315,-49,293,4797
2014Jan,1567,341,-24,-175,-18,-7572,3,424,-1676,-20889,-1838,1,223,-714,-11668,-73.72,2878,-295,49,-8513,-41,-1804,-24,1141,-37,-613,-50530
2013Dec,-343,-542,16,235,11,8987,37,447,2136,26466,2917,29,-330,1264,-10243,186.45,-5972,395,127,7446,-301,633,-9,-1204,18,692,34305
2013Nov,-843,-1014,6,-21,78,1482,128,3848,426,8227,-305,-4,-315,36,10699,-14.74,312,142,66,3196,-49,-171,13,480,-80,-629,25355
2013Oct,1231,1685,-15,-77,145,2704,126,1311,301,1733,-95,-7,-110,537,7363,100.26,3175,218,184,2266,-26,693,-3,-534,82,1012,24230
2013Sep,-1157,1112,-3,-45,-219,6134,61,946,329,582,-113,-1,610,348,-3336,-58.23,398,-261,-25,1914,184,278,31,-123,6,222,7653
2013Aug,530,-929,-46,132,76,7981,69,7563,512,-154,150,0,-5,962,7680,104.96,-942,116,60,2723,210,229,8,1571,-12,393,26947
2013Jul,1231,4093,31,-127,8,8429,-34,-7365,397,2653,-415,-8,-138,408,-6640,158.28,2260,180,183,-2707,107,447,-35,692,44,-342,2516
2013Jun,40,125,-56,-121,92,-9051,-1,2496,74,4484,84,-4,66,-59,3039,-112.94,-231,-39,44,-368,44,-280,-40,-452,35,-207,101
2013May,-94,-2164,83,-307,156,2552,28,3369,590,2256,555,1,156,69,4006,-79.86,40,16,23,-2042,-213,800,5,-61,66,152,9900
2013Apr,133,3125,-51,-963,-132,8172,54,-3425,-1139,355,-337,-13,-308,1569,-2334,17.24,39,171,-49,-1957,303,255,28,-192,-64,118,3552
2013Mar,854,-82,39,-406,249,-1974,-16,3791,20,9743,-206,5,192,-559,16144,75.43,1774,-82,169,-1758,-129,566,-28,87,433,-14,28476
2013Feb,-184,-237,-4,-432,-214,-5668,62,4947,-404,4526,455,-6,246,-329,-65,8.01,-1866,-116,-28,-711,69,-507,82,30,-81,202,-320
2013Jan,135,120,-26,-217,260,-6155,-174,-2162,-747,-20340,-1615,3,-317,-224,-13161,-144.28,-674,78,-40,2834,0,-600,2,556,-27,-455,-43500
2012Dec,81,-3411,17,18,49,3846,153,10213,-821,22844,2133,23,-243,810,7431,122.99,138,48,122,-3113,124,-3487,-22,-12,-216,534,37274
2012Nov,546,1710,-12,-193,-27,1827,-14,6964,585,3594,184,3,504,-1279,-3762,43.98,-1009,141,-43,2912,17,426,43,-151,12,170,12629
2012Oct,-17,3066,-9,353,-36,7299,157,-6221,1313,-800,489,0,-259,1569,-548,97.34,1769,68,73,7580,-109,306,-88,-152,74,120,16584
2012Sep,1116,-482,5,11,163,-755,-182,2193,-108,3713,155,1,454,-463,11685,-20.34,387,56,72,-5176,43,43,-69,-644,-65,-236,11907
2012Aug,-708,2035,2,-172,32,9232,181,2952,537,-3657,-174,-1,-200,263,3692,151.9,144,74,-56,4502,33,-151,81,-698,70,83,18772
2012Jul,422,1580,10,-55,-235,10951,200,-15106,218,6316,-7,4,-262,176,-10444,75.96,-1750,-15,199,1814,-127,74,7,227,9,20,-5382
2012Jun,-106,-1325,18,-239,183,-1055,-89,2341,508,11582,-678,-5,307,-178,4889,-98.2,2389,173,27,-249,35,-408,-102,944,-12,-804,16593
2012May,258,473,-28,-442,72,841,-54,525,665,282,-1719,0,-104,-54,2096,47.29,2067,-141,-68,3163,111,-1478,-38,493,14,282,6850
2012Apr,296,-907,-8,203,-73,3976,289,-8474,-1041,-3059,357,-2,-165,195,-2921,67.53,-2243,83,62,-1090,87,498,206,-763,-17,144,-13730
2012Mar,1300,2091,-9,-212,76,694,-74,-1665,660,10702,402,1,58,-175,16356,19.1,-541,-79,-51,6172,-120,-970,-33,-9,57,109,34855
2012Feb,1325,469,-1,-34,-97,-4024,23,3102,537,-4040,-987,6,333,-17,3765,-23.87,-1119,277,-90,453,165,-355,-36,-387,-91,422,-661
2012Jan,287,714,3,-295,9,-9696,-66,-8698,-1295,-7340,-2475,-1,-109,-1147,-18597,-95.95,-638,-45,82,-3299,-112,-893,-19,638,-71,-527,-53955
2011Dec,444,-762,-15,251,-41,2032,88,1022,-280,15099,903,-2,85,-871,10342,357.59,-3270,-122,-36,4528,-75,501,8,-968,40,148,30179
2011Nov,-453,213,6,-376,-44,-208,-6,-1698,789,6909,-1058,0,-294,278,-9821,92.13,-3455,241,-80,4563,-104,-876,19,1330,42,212,-5028
2011Oct,715,-25,3,367,-116,6448,58,-7723,576,2741,-1111,-2,4,50,211,-135.65,997,43,147,-1828,232,1906,6,48,-96,-312,3120
2011Sep,112,-996,-17,-346,82,8755,26,-4878,741,5172,-1004,-3,35,-438,-1753,145.69,-176,-212,12,589,110,56,-47,710,105,-435,5542
2011Aug,533,-277,13,-364,1,7043,-26,1042,360,-4569,294,1,200,480,-8397,100.48,1195,203,64,2892,6,-459,-42,30,13,670,493
2011Jul,-277,-393,5,-304,30,3205,73,-11980,120,6835,-1425,-4,-88,373,7480,-10.1,-770,-100,-131,-6694,-21,-634,11,436,67,-406,-4861
2011Jun,-479,-697,12,-15,93,-3895,-112,4742,155,6963,57,-5,-90,-772,-2292,-0.28,-129,-38,93,2076,10,-589,48,-194,6,8,5119
2011May,-82,651,-15,97,96,3753,-20,3754,218,4734,-636,1,-10,-116,-3874,50.82,-2480,-28,71,-2099,-9,-662,0,-579,-84,57,3280
2011Apr,1147,-1420,-1,224,33,2218,86,-9084,-59,2041,-578,-4,-133,-1117,7998,-46.64,2176,79,16,1286,181,-426,6,-162,-13,27,4520
2011Mar,-110,1245,-2,57,-18,6872,23,8431,-1006,12608,-206,4,244,-143,8560,74.32,-2063,35,134,-345,3,-1813,13,1034,7,-247,32004
2011Feb,1027,-1451,-7,-160,14,-10990,-123,4907,-566,540,-1097,-8,131,-512,-334,43.68,-226,32,24,5406,-2,-2115,-35,308,14,-160,-5817
2011Jan,-532,189,34,-514,-204,-6846,-70,-12633,-1809,-18009,-981,-1,-48,40,-17468,-148.28,4850,-17,-43,-4376,-85,-529,-24,-257,-129,-226,-59086
2010Dec,-807,382,5,296,67,5798,50,4735,1532,25717,570,,18,-1393,8205,192.25,-2779,205,-26,5837,126,998,60,-720,-70,725,49720
2010Nov,-1495,-884,6,322,45,6232,65,2898,1137,6065,-10,,14,-196,-11462,161.2,-180,104,-29,4683,1,788,-4,117,214,368,8451
2010Oct,520,361,6,31,62,3573,124,-3011,929,2176,-1158,,-30,-228,11023,-4.75,313,79,199,-1656,-95,-559,-23,-204,40,109,12661
2010Sep,1402,1674,1,-24,-181,2935,57,-1724,-197,6312,904,,-18,-2027,899,56.52,319,,-2,437,176,4995,11,-681,33,-160,15775
2010Aug,950,3828,-3,464,-261,7134,24,3383,-81,-717,287,,-9,49,-7182,72.91,3848,,86,1407,0,-70,86,475,-28,390,13748
2010Jul,-1278,-863,-16,-101,-109,769,-118,-3600,-130,2484,-3388,,6,-447,2475,106.07,1152,,23,4731,30,319,-11,640,14,-73,2085
2010Jun,-515,1161,-67,-83,-39,-5176,6,7897,54,426,2089,,-319,-108,-1571,-33.69,-7819,,72,-7436,26,-921,-132,-282,-60,-539,-12527
2010May,-1070,568,22,577,156,191,106,5728,617,-3179,-209,,-54,-538,3194,-37.07,-3468,,-97,979,-39,-353,-151,-506,21,312,3273
2010Apr,322,-2758,1,160,355,5683,-3,-601,438,12277,-938,,-227,-752,1816,35.07,362,,177,-4247,11,-444,-51,93,49,246,11789
2010Mar,1531,5258,11,49,232,5965,18,3353,-642,8483,-19,,-29,-2644,8089,47.1,2345,,79,9449,48,1228,159,777,187,92,42804
2010Feb,65,-491,11,-159,5,-9696,-33,-4266,92,-2129,-1695,,102,-619,-12,-6.84,272,,-153,3848,-14,256,-51,35,-83,42,-14727
2010Jan,205,-57,0,-564,-53,-5066,103,-5994,-1231,-17571,-3358,,-40,-1242,-9436,-129.34,-2023,,71,-7779,-138,-879,-3,160,-92,-655,-55668
2009Dec,2124,-3557,10,683,-99,-3991,162,5669,911,18451,5,,327,66,3735,131.56,9968,,-80,432,55,229,-112,-579,79,583,35307
2009Nov,-134,1664,11,312,36,3768,-47,3818,-496,4859,654,,-8,-879,-7643,184.49,-3059,,-24,-138,-28,696,-36,13,39,115,3553
2009Oct,1330,1074,-4,-19,51,5924,49,-6010,848,557,-1957,,189,776,3595,8.84,2820,,32,2657,79,-751,-128,146,-11,-108,10758
2009Sep,640,-613,8,-316,-35,3233,80,2928,136,6134,673,,41,-631,5377,-139.19,-1084,,59,3810,12,1785,315,58,87,-29,22188
2009Aug,-1236,-2503,-5,-14,41,5959,33,3933,154,2739,1065,,-114,2258,-1527,126.14,-1246,,70,1935,63,-39,67,155,24,295,11866
2009Jul,441,1345,9,398,-5,5889,-62,-1682,780,-783,-2025,,26,462,-1352,11.09,-1117,,8,-1193,-17,-219,49,-853,-77,-44,831
2009Jun,-1046,3831,-4,-399,-4,889,-85,-24,-211,6251,2571,,-8,40,704,-2.99,960,,78,1514,0,837,66,-181,3,-481,15518
2009May,-1185,2017,31,7,-57,23,107,7383,216,4881,-790,,-7,-202,5451,-54.35,-2095,,29,-1041,26,-935,3,43,-5,347,14099
2009Apr,2161,735,2,-434,47,8066,31,-4026,-993,71,433,,-49,-433,4889,25.31,844,,-94,3570,-4,407,-85,852,5,-146,15055
2009Mar,-557,3815,-19,43,21,3276,122,272,210,4558,797,,52,-1540,2107,28.35,1350,,-16,883,44,696,78,327,43,-269,15668
2009Feb,36,491,25,-123,19,-7121,-52,1878,-187,-5657,-604,,-44,-663,-161,-88.33,1475,,-43,-2045,-32,-418,49,344,10,-67,-13197
2009Jan,1107,-713,-3,-304,-66,6702,-115,-11603,-806,-17565,-2557,,-10,-1868,-8898,8.18,466,,80,-981,-31,-1573,-53,1030,-130,-1792,-40436
2008Dec,706,-4859,17,-209,-15,-4056,47,4990,1535,13510,889,,99,1995,-5434,116.15,-3154,,-143,1681,-29,-1087,84,-395,145,1148,6510
2008Nov,-530,2653,-5,279,10,-3123,-12,2801,-697,764,-10,,-2,-2607,1287,-28.95,-1694,,-12,-1628,-109,271,-96,204,-43,258,-2286
2008Oct,-1434,-1364,-8,-624,-196,8695,44,-5365,1480,1287,-2528,,-95,1179,-1073,-303.4,-4033,,-69,-1440,-14,-2067,64,266,-158,-650,-7516
2008Sep,48,-606,-7,-227,-101,9037,-68,5924,1001,4612,1780,,99,-3180,803,-99.31,2718,,-26,-4681,146,759,-140,306,105,-15,18067
2008Aug,-35,-1148,-10,82,-12,3397,74,4027,104,-1935,646,,7,181,-1186,42.86,172,,33,-4897,35,-458,173,42,-138,156,-1154
2008Jul,58,-1259,-8,102,-56,2525,-67,-10749,48,-2793,-2169,,-22,-1762,-133,146.62,-359,,89,1335,-2,922,-18,-528,44,130,-14100
2008Jun,-933,-5526,18,577,92,-1625,-220,10033,-383,4664,2232,,-49,3011,-4127,-144.04,-10442,,-122,512,-9,-1155,22,274,111,-712,-3173
2008May,-268,5437,-10,-173,12,194,6,3876,227,4737,1204,,-31,-277,7174,-12.43,-3285,,54,968,56,-577,3,296,46,440,19339
2008Apr,640,201,-23,854,202,4058,84,-2985,-217,-1892,-1283,,2,741,4864,103.26,2762,,-28,3612,-59,-119,-53,-1500,3,-111,11212
2008Mar,-24,-7,9,273,-27,-6256,-52,2602,830,2706,2119,,-29,1,3771,-17.96,6986,,-31,4349,43,396,7,981,121,-358,17835
2008Feb,471,1761,4,-45,-127,9566,90,2320,385,3006,149,,24,-1136,1401,-103.72,-1077,,57,-590,-14,128,30,85,-168,155,16227
2008Jan,-166,-2282,5,-52,251,-9250,,-7741,-1379,-14711,-1239,,42,-1068,-9657,-99.1,2458,,142,-7787,-193,-1360,-35,-72,72,-668,-54019
2007Dec,1500,-787,39,154,63,5293,,6306,2295,13730,464,,25,2894,6747,333.86,-4442,,-31,3756,-154,1451,103,-117,60,1006,39268
2007Nov,552,-2213,3,16,-20,6862,,5875,209,4514,1746,,0,-2691,-6318,104.95,2482,,-36,7780,259,-927,-46,872,-131,-399,17741
2007Oct,2135,6817,-26,606,20,3982,,-4874,972,-3640,-981,,-29,421,3962,-38.34,1085,,-5,3467,82,694,104,-517,78,99,14119
2007Sep,1036,11,0,-7,19,4158,,8190,262,3374,131,,-30,341,3900,-28.22,-72,,1,-3404,-71,-847,-43,-181,-64,136,17017
2007Aug,995,-865,-12,204,-9,7020,,239,223,-4963,-1569,,-37,1761,-3156,90.1,-42,,59,3109,20,716,24,339,124,447,3592
2007Jul,521,1744,8,-7,-424,4694,,-12751,132,1696,4289,,28,1194,-4079,12.41,1831,,105,3814,-12,987,-5,161,136,-613,4206
2007Jun,490,-3692,10,466,448,461,,8646,183,13176,2114,,-20,-1996,2088,-17.46,-5290,,67,-1820,140,-634,-91,821,16,147,13742
2007May,-797,3560,-15,221,-5,-31,,7921,740,-2331,241,,68,1383,5344,139,2709,,-35,8511,24,-1013,104,-67,71,181,26309
2007Apr,1686,900,-8,-281,55,6533,,-7061,-886,-3180,-52,,17,432,-408,-48.3,-2030,,-24,-1203,-111,3329,-12,-1282,-103,-14,-2043
2007Mar,573,1178,6,480,57,2028,,8680,940,11055,1554,,-239,1094,10429,57.47,4079,,38,4909,73,-1163,22,909,190,209,45547
2007Feb,-689,1847,12,-165,-42,-3504,,1949,-540,6042,-631,,58,-851,1114,72.28,-317,,-14,-548,-49,-233,-7,-252,-61,257,3578
2007Jan,1263,-2075,-330,171,-1,-402,,-9266,23,-17158,-1636,,100,436,-10155,-224.46,-1830,,115,-1397,-25,-862,-,-412,-28,-325,-43086
2006Dec,-369,-525,0,-637,26,7058,,14390,-59,13555,1897,,0,1338,11883,326.53,720,,-116,2091,-70,3269,-,-266,111,580,55248
2006Nov,-793,3239,-1,59,-1,3477,,3371,852,1180,1364,,30,-500,-5641,45.83,338,,25,7298,190,1285,-,139,9,415,15471
2006Oct,902,1173,59,-165,39,5535,,-5321,684,-267,572,,-15,1239,2561,-108.72,160,,6,-565,-68,1634,-,224,68,550,8305
2006Sep,960,586,-22,67,-35,609,,7992,-618,6199,-423,,4,-267,4199,-78.33,424,,-22,7985,56,-1153,-,-47,36,-198,26493
2006Aug,62,608,0,480,14,7480,,-484,51,-3322,-301,,39,825,1154,112.05,3719,,44,3421,22,91,-,-528,24,383,13304
2006Jul,-1039,1618,-660,104,-143,2128,,-424,324,-2273,-659,,10,1319,-4295,16.01,-538,,27,-1586,56,-302,-,955,69,225,-5727
2006Jun,994,1118,-10,10,138,-232,,7502,205,3625,2482,,15,976,856,21.07,-3949,,-39,-3427,-19,-4052,-,-282,42,-98,6099
2006May,389,1652,-6,250,-34,992,,4177,442,4541,574,,-7,342,4788,21.89,-4708,,32,3095,29,3066,-,126,-23,-256,19350
2006Apr,447,-52,35,83,19,7683,,-1773,-510,2155,-594,,-2,1627,3308,154.54,2353,,28,3162,37,-2067,-,52,-104,-88,15740
2006Mar,996,1759,308,-46,-14,1923,,3425,875,-3785,938,,-6,1647,6550,-38.16,966,,23,2988,-101,787,-,-1077,19,23,19069
2006Feb,-301,940,-1,38,36,-4937,,2289,-596,-3056,-798,,-106,-425,26,-168.98,2749,,-21,525,-1,-803,-,-204,-29,123,-4388
2006Jan,502,-1935,6,61,-100,-7055,,-5288,33,-4709,-1223,,65,-365,-8983,-78.92,5889,,23,-2522,-22,-222,-,285,-10,,-25879
2005Dec,494,750,54,-356,-66,5995,,8712,122,7647,986,,51,2346,7802,132.41,-961,,-68,-119,77,1543,-,493,45,,35317
2005Nov,-402,-3636,67,,-19,3253,,8596,435,4306,-390,,-13,-1082,-6219,173.04,-1249,,-43,3399,21,397,-,503,115,,7408
2005Oct,1145,4328,-45,,44,8666,,-938,536,918,1387,,-16,1216,3964,-8.85,-764,,-26,49,8,166,-,-280,-21,,20673
2005Sep,910,1578,5,,-77,948,,2372,-88,-143,262,,20,-784,2016,-49.18,4061,,3,101,22,1833,-,226,-62,,13068
2005Aug,-1061,3645,27,,70,4294,,-1622,-230,-5117,350,,-4,584,-1643,113.44,2942,,33,2458,6,1356,-,-93,67,,5955
2005Jul,550,-1145,8,,45,4152,,-2970,485,2773,-1037,,-14,1003,-928,54.33,-1197,,110,-775,-175,590,-,-106,80,,1503
2005Jun,-674,-2835,14,,-260,1040,,10530,-44,1696,2231,,-98,427,2620,32.69,34,,119,4984,-16,-512,-,-80,107,,19496
2005May,-722,-46,4,,77,622,,291,157,4636,171,,69,964,2129,-37.71,-2639,,-151,2540,4,-324,-,-175,39,,7780
2005Apr,1126,-927,-10,,349,1894,,2571,-335,-1850,-242,,23,74,4967,-14.32,-265,,-8,-1156,177,-358,-,252,89,,5498
2005Mar,840,2699,6,,-4,-1126,,3192,583,7411,173,,-1,248,7414,156.63,4029,,20,1413,-69,1265,-,367,73,,28140
2005Feb,-765,-292,46,,13,-4157,,1881,-628,-1673,402,,-8,1147,-1089,36.2,-569,,-49,-1038,69,-406,-,-293,-322,,-7188
2005Jan,2199,-1937,-395,,3,-4481,,-10175,-83,-3413,-1622,,-4,402,-8104,-41.05,-6570,,,-5727,-73,-1489,-,534,64,,-41001
2004Dec,956,309,605,,33,6347,,5943,267,7147,468,,-17,1315,6912,241.86,8052,,,2198,-28,-73,,249,181,,39840
2004Nov,-1310,3414,53,,-5,2483,,3835,314,3988,1086,,-33,-909,-5784,2.89,-2883,,,4026,62,2430,,6,34,,10689
2004Oct,912,652,76,,-33,2116,,-671,390,472,-61,,63,2104,2132,77.02,-1602,,,152,-9,-622,,7,-1,,5973
2004Sep,222,842,6,,-51,714,,1792,-214,2749,1143,,36,-562,4380,-3.34,1629,,,1463,27,1662,,-588,37,,15820
2004Aug,-411,66,5,,18,5002,,-1405,-63,-1625,-114,,26,581,-2594,32.08,194,,,1914,14,-911,,-141,8,,634
2004Jul,-257,1103,2,,41,-1521,,-2571,-270,-1087,973,,16,403,3407,61,310,,,-2196,14,886,,857,-9,,-820
2004Jun,-2839,-196,15,,-29,-451,,4821,437,598,-819,,27,1002,570,,2713,,,1283,-8,583,,119,40,,7703
2004May,-426,50,45,,20,132,,5026,132,7036,-688,,-10,-159,3922,,-1638,,,1274,-11,-361,,99,21,,14299
2004Apr,737,195,11,,8,5079,,-836,-301,-353,87,,-16,1081,4332,,-3693,,,-5310,38,623,,-149,18,,1642
2004Mar,784,915,9,,-20,869,,3082,475,5942,434,,26,-402,3084,,2329,,,1896,-18,602,,-13,35,,20008
2004Feb,170,558,,,-16,-1140,,1110,-749,2168,1089,,-34,-127,790,,-576,,,1497,-7,344,,-158,28,,5134
2004Jan,2,-849,,,30,-9605,,-7637,-582,-14745,-943,,-14,-1027,-2525,,771,,,-1894,,-997,,-487,,,-40031
2003Dec,319,879,,,0,2337,,3899,647,8296,1326,,46,3282,-6104,,-671,,,224,,-665,,-397,,,13771
2003Nov,-189,703,,,-12,3340,,6142,446,4461,-896,,7,-1230,1557,,-484,,,1621,,365,,449,,,15834
2003Oct,1335,-777,,,14,5697,,-3555,600,-3370,-327,,-6,930,3128,,531,,,2687,,-44,,159,,,6837
2003Sep,-651,2287,,,-12,3521,,1610,123,5351,1926,,-18,-60,1340,,2145,,,-561,,985,,-226,,,18016
2003Aug,1127,1382,,,-6,2419,,2014,-210,-3466,201,,6,1009,3519,,-2440,,,1674,,-328,,290,,,6901
2003Jul,563,-1774,,,15,-948,,-2218,233,-76,-294,,-9,-1038,-1931,,-491,,,1279,,689,,-168,,,-6006
2003Jun,-331,657,,,23,1731,,3259,282,159,859,,7,1686,-961,,1578,,,2026,,1493,,-41,,,12437
2003May,-666,1073,,,2,3044,,6194,-302,6203,235,,-14,-922,3316,,-456,,,2726,,975,,-68,,,21419
2003Apr,-118,759,,,-2,3219,,-2264,476,-701,732,,25,715,4653,,2596,,,-747,,378,,454,,,9697
2003Mar,1528,1878,,,-3,-5178,,4736,-1045,4745,317,,-3,-100,2983,,-673,,,2215,,530,,287,,,11937
2003Feb,-851,-1921,,,10,2710,,353,352,127,-211,,-13,182,-658,,-3759,,,1532,,-69,,67,,,-2213
2003Jan,,,,,-7,,,,,,,,,,,,,,,,,,,18,,,-38097
2002Dec,,,,,-1,,,,,,,,,,,,,,,,,,,-179,,,12218
2002Nov,,,,,3,,,,,,,,,,,,,,,,,,,-102,,,6848
2002Oct,,,,,18,,,,,,,,,,,,,,,,,,,145,,,11736
2002Sep,,,,,-25,,,,,,,,,,,,,,,,,,,81,,,11701
2002Aug,,,,,-6,,,,,,,,,,,,,,,,,,,-222,,,-1364
2002Jul,,,,,6,,,,,,,,,,,,,,,,,,,240,,,-1791
2002Jun,,,,,22,,,,,,,,,,,,,,,,,,,-304,,,6664
2002May,,,,,-8,,,,,,,,,,,,,,,,,,,110,,,5876
2002Apr,,,,,-11,,,,,,,,,,,,,,,,,,,68,,,16650
2002Mar,,,,,0,,,,,,,,,,,,,,,,,,,-406,,,3390
2002Feb,,,,,10,,,,,,,,,,,,,,,,,,,217,,,-7751
2002Jan,,,,,,,,,,,,,,,,,,,,,,,,142,,,-35568
2001Dec,,,,,,,,,,,,,,,,,,,,,,,,,,,45360
2001Nov,,,,,,,,,,,,,,,,,,,,,,,,,,,27857
2001Oct,,,,,,,,,,,,,,,,,,,,,,,,,,,10127
2001Sep,,,,,,,,,,,,,,,,,,,,,,,,,,,456
2001Aug,,,,,,,,,,,,,,,,,,,,,,,,,,,-5510
2001Jul,,,,,,,,,,,,,,,,,,,,,,,,,,,-1383
2001Jun,,,,,,,,,,,,,,,,,,,,,,,,,,,8092
2001May,,,,,,,,,,,,,,,,,,,,,,,,,,,5327
2001Apr,,,,,,,,,,,,,,,,,,,,,,,,,,,7180
2001Mar,,,,,,,,,,,,,,,,,,,,,,,,,,,5272
2001Feb,,,,,,,,,,,,,,,,,,,,,,,,,,,-1173
2001Jan,,,,,,,,,,,,,,,,,,,,,,,,,,,-18605
2000Dec,,,,,,,,,,,,,,,,,,,,,,,,,,,19351
2000Nov,,,,,,,,,,,,,,,,,,,,,,,,,,,9901
2000Oct,,,,,,,,,,,,,,,,,,,,,,,,,,,923
2000Sep,,,,,,,,,,,,,,,,,,,,,,,,,,,4073
2000Aug,,,,,,,,,,,,,,,,,,,,,,,,,,,7411
2000Jul,,,,,,,,,,,,,,,,,,,,,,,,,,,9996
2000Jun,,,,,,,,,,,,,,,,,,,,,,,,,,,11130
2000May,,,,,,,,,,,,,,,,,,,,,,,,,,,5767
2000Apr,,,,,,,,,,,,,,,,,,,,,,,,,,,13847
2000Mar,,,,,,,,,,,,,,,,,,,,,,,,,,,19743
2000Feb,,,,,,,,,,,,,,,,,,,,,,,,,,,5980
2000Jan,,,,,,,,,,,,,,,,,,,,,,,,,,,-12384
1999Dec,,,,,,,,,,,,,,,,,,,,,,,,,,,7198
1999Nov,,,,,,,,,,,,,,,,,,,,,,,,,,,11003
1999Oct,,,,,,,,,,,,,,,,,,,,,,,,,,,9725
1999Sep,,,,,,,,,,,,,,,,,,,,,,,,,,,3874
1999Aug,,,,,,,,,,,,,,,,,,,,,,,,,,,-6516
1999Jul,,,,,,,,,,,,,,,,,,,,,,,,,,,7323
1999Jun,,,,,,,,,,,,,,,,,,,,,,,,,,,11857
1999May,,,,,,,,,,,,,,,,,,,,,,,,,,,7708
1999Apr,,,,,,,,,,,,,,,,,,,,,,,,,,,8476
1999Mar,,,,,,,,,,,,,,,,,,,,,,,,,,,1679
1999Feb,,,,,,,,,,,,,,,,,,,,,,,,,,,-16259
1999Jan,,,,,,,,,,,,,,,,,,,,,,,,,,,-17702
1998Dec,,,,,,,,,,,,,,,,,,,,,,,,,,,30097
1998Nov,,,,,,,,,,,,,,,,,,,,,,,,,,,2164
1998Oct,,,,,,,,,,,,,,,,,,,,,,,,,,,7029
1998Sep,,,,,,,,,,,,,,,,,,,,,,,,,,,7643
1998Aug,,,,,,,,,,,,,,,,,,,,,,,,,,,-6073
1998Jul,,,,,,,,,,,,,,,,,,,,,,,,,,,2070
1998Jun,,,,,,,,,,,,,,,,,,,,,,,,,,,-362
1998May,,,,,,,,,,,,,,,,,,,,,,,,,,,3944
1998Apr,,,,,,,,,,,,,,,,,,,,,,,,,,,15005
1998Mar,,,,,,,,,,,,,,,,,,,,,,,,,,,-5268
1998Feb,,,,,,,,,,,,,,,,,,,,,,,,,,,4024
1998Jan,,,,,,,,,,,,,,,,,,,,,,,,,,,-18074
1997Dec,,,,,,,,,,,,,,,,,,,,,,,,,,,26530
1997Nov,,,,,,,,,,,,,,,,,,,,,,,,,,,8581
1997Oct,,,,,,,,,,,,,,,,,,,,,,,,,,,9207
